<?xml version="1.0" encoding="UTF-8"?>
<GenRun Id="impl_1" LaunchPart="xc7a35ticpg236-1L" LaunchTime="1607058282">
  <File Type="ROUTE-PWR" Name="TopLevel_comp_power_routed.rpt"/>
  <File Type="PA-TCL" Name="TopLevel_comp.tcl"/>
  <File Type="ROUTE-PWR-SUM" Name="TopLevel_comp_power_summary_routed.pb"/>
  <File Type="REPORTS-TCL" Name="TopLevel_comp_reports.tcl"/>
  <File Type="BITSTR-MSK" Name="TopLevel_comp.msk"/>
  <File Type="ROUTE-CLK" Name="TopLevel_comp_clock_utilization_routed.rpt"/>
  <File Type="RDI-RDI" Name="TopLevel_comp.vdi"/>
  <File Type="BG-BIT" Name="TopLevel_comp.bit"/>
  <File Type="BG-DRC" Name="TopLevel_comp.drc"/>
  <File Type="BG-BGN" Name="TopLevel_comp.bgn"/>
  <File Type="BG-BIN" Name="TopLevel_comp.bin"/>
  <File Type="BITSTR-RBT" Name="TopLevel_comp.rbt"/>
  <File Type="BITSTR-NKY" Name="TopLevel_comp.nky"/>
  <File Type="BITSTR-BMM" Name="TopLevel_comp_bd.bmm"/>
  <File Type="ROUTE-METHODOLOGY-DRC" Name="TopLevel_comp_methodology_drc_routed.rpt"/>
  <File Type="BITSTR-MMI" Name="TopLevel_comp.mmi"/>
  <File Type="BITSTR-SYSDEF" Name="TopLevel_comp.sysdef"/>
  <File Type="BITSTR-LTX" Name="debug_nets.ltx"/>
  <File Type="BITSTR-LTX" Name="TopLevel_comp.ltx"/>
  <File Type="WBT-USG" Name="usage_statistics_webtalk.html"/>
  <File Type="OPT-DRC" Name="TopLevel_comp_drc_opted.rpt"/>
  <File Type="OPT-HWDEF" Name="TopLevel_comp.hwdef"/>
  <File Type="PLACE-IO" Name="TopLevel_comp_io_placed.rpt"/>
  <File Type="PLACE-UTIL" Name="TopLevel_comp_utilization_placed.rpt"/>
  <File Type="PLACE-UTIL-PB" Name="TopLevel_comp_utilization_placed.pb"/>
  <File Type="PLACE-CTRL" Name="TopLevel_comp_control_sets_placed.rpt"/>
  <File Type="PLACE-PRE-SIMILARITY" Name="TopLevel_comp_incremental_reuse_pre_placed.rpt"/>
  <File Type="ROUTE-DRC" Name="TopLevel_comp_drc_routed.rpt"/>
  <File Type="ROUTE-DRC-PB" Name="TopLevel_comp_drc_routed.pb"/>
  <File Type="ROUTE-PWR-RPX" Name="TopLevel_comp_power_routed.rpx"/>
  <File Type="ROUTE-STATUS" Name="TopLevel_comp_route_status.rpt"/>
  <File Type="ROUTE-STATUS-PB" Name="TopLevel_comp_route_status.pb"/>
  <File Type="ROUTE-DCP" Name="TopLevel_comp_routed.dcp"/>
  <File Type="ROUTE-ERROR-DCP" Name="TopLevel_comp_routed_error.dcp"/>
  <File Type="ROUTE-BLACKBOX-DCP" Name="TopLevel_comp_routed_bb.dcp"/>
  <File Type="ROUTE-TIMINGSUMMARY" Name="TopLevel_comp_timing_summary_routed.rpt"/>
  <File Type="ROUTE-TIMING-PB" Name="TopLevel_comp_timing_summary_routed.pb"/>
  <File Type="ROUTE-TIMING-RPX" Name="TopLevel_comp_timing_summary_routed.rpx"/>
  <File Type="ROUTE-BUS-SKEW" Name="TopLevel_comp_bus_skew_routed.rpt"/>
  <File Type="ROUTE-BUS-SKEW-PB" Name="TopLevel_comp_bus_skew_routed.pb"/>
  <File Type="ROUTE-BUS-SKEW-RPX" Name="TopLevel_comp_bus_skew_routed.rpx"/>
  <File Type="OPT-DCP" Name="TopLevel_comp_opt.dcp"/>
  <File Type="PLACE-DCP" Name="TopLevel_comp_placed.dcp"/>
  <File Type="PWROPT-DCP" Name="TopLevel_comp_pwropt.dcp"/>
  <File Type="POSTPLACE-PWROPT-DCP" Name="TopLevel_comp_postplace_pwropt.dcp"/>
  <File Type="PHYSOPT-DCP" Name="TopLevel_comp_physopt.dcp"/>
  <File Type="POSTROUTE-PHYSOPT-DCP" Name="TopLevel_comp_postroute_physopt.dcp"/>
  <File Type="POSTROUTE-PHYSOPT-BLACKBOX-DCP" Name="TopLevel_comp_postroute_physopt_bb.dcp"/>
  <File Type="ROUTE-METHODOLOGY-DRC-PB" Name="TopLevel_comp_methodology_drc_routed.pb"/>
  <File Type="ROUTE-DRC-RPX" Name="TopLevel_comp_drc_routed.rpx"/>
  <File Type="ROUTE-METHODOLOGY-DRC-RPX" Name="TopLevel_comp_methodology_drc_routed.rpx"/>
  <File Type="PDI-FILE" Name="TopLevel_comp.pdi"/>
  <File Type="RCFI_FILE" Name="TopLevel_comp.rcfi"/>
  <File Type="CFI_FILE" Name="TopLevel_comp.cfi"/>
  <File Type="RNPI_FILE" Name="TopLevel_comp.rnpi"/>
  <File Type="NPI_FILE" Name="TopLevel_comp.npi"/>
  <File Type="RBD_FILE" Name="TopLevel_comp.rbd"/>
  <FileSet Name="sources" Type="DesignSrcs" RelSrcDir="$PSRCDIR/sources_1">
    <Filter Type="Srcs"/>
    <File Path="$PSRCDIR/sources_1/imports/Lab 4/alu.vhd">
      <FileInfo>
        <Attr Name="ImportPath" Val="$PPRDIR/../../Lab 4/alu.vhd"/>
        <Attr Name="ImportTime" Val="1603464013"/>
        <Attr Name="UsedIn" Val="synthesis"/>
        <Attr Name="UsedIn" Val="simulation"/>
      </FileInfo>
    </File>
    <File Path="$PSRCDIR/sources_1/new/ANDGate.vhd">
      <FileInfo>
        <Attr Name="ImportPath" Val="$PPRDIR/../../Lab 4/lab_4/lab_4.srcs/sources_1/new/ANDGate.vhd"/>
        <Attr Name="ImportTime" Val="1603839156"/>
        <Attr Name="UsedIn" Val="synthesis"/>
        <Attr Name="UsedIn" Val="simulation"/>
      </FileInfo>
    </File>
    <File Path="$PSRCDIR/sources_1/new/Adder32Bit.vhd">
      <FileInfo>
        <Attr Name="ImportPath" Val="$PPRDIR/../../Lab 4/lab_4/lab_4.srcs/sources_1/new/Adder32Bit.vhd"/>
        <Attr Name="ImportTime" Val="1603839166"/>
        <Attr Name="UsedIn" Val="synthesis"/>
        <Attr Name="UsedIn" Val="simulation"/>
      </FileInfo>
    </File>
    <File Path="$PSRCDIR/sources_1/new/MUX32bit2.vhd">
      <FileInfo>
        <Attr Name="ImportPath" Val="$PPRDIR/../../Lab 5/lab_5/lab_5.srcs/sources_1/new/MUX32bit2.vhd"/>
        <Attr Name="ImportTime" Val="1605318535"/>
        <Attr Name="UsedIn" Val="synthesis"/>
        <Attr Name="UsedIn" Val="simulation"/>
      </FileInfo>
    </File>
    <File Path="$PSRCDIR/sources_1/new/MUX32bit.vhd">
      <FileInfo>
        <Attr Name="ImportPath" Val="$PPRDIR/../../Lab 5/lab_5/lab_5.srcs/sources_1/new/MUX32bit.vhd"/>
        <Attr Name="ImportTime" Val="1605323604"/>
        <Attr Name="UsedIn" Val="synthesis"/>
        <Attr Name="UsedIn" Val="simulation"/>
      </FileInfo>
    </File>
    <File Path="$PSRCDIR/sources_1/new/MUXPostALU.vhd">
      <FileInfo>
        <Attr Name="ImportPath" Val="$PPRDIR/../../Lab 5/lab_5/lab_5.srcs/sources_1/new/MUXPostALU.vhd"/>
        <Attr Name="ImportTime" Val="1605322489"/>
        <Attr Name="UsedIn" Val="synthesis"/>
        <Attr Name="UsedIn" Val="simulation"/>
      </FileInfo>
    </File>
    <File Path="$PSRCDIR/sources_1/new/MUXPreRegister.vhd">
      <FileInfo>
        <Attr Name="ImportPath" Val="$PPRDIR/../../Lab 5/lab_5/lab_5.srcs/sources_1/new/MUXPreRegister.vhd"/>
        <Attr Name="ImportTime" Val="1605322207"/>
        <Attr Name="UsedIn" Val="synthesis"/>
        <Attr Name="UsedIn" Val="simulation"/>
      </FileInfo>
    </File>
    <File Path="$PSRCDIR/sources_1/new/ShiftLeft2Bits28bit.vhd">
      <FileInfo>
        <Attr Name="ImportPath" Val="$PPRDIR/../../Lab 5/lab_5/lab_5.srcs/sources_1/new/ShiftLeft2Bits28bit.vhd"/>
        <Attr Name="ImportTime" Val="1605322855"/>
        <Attr Name="UsedIn" Val="synthesis"/>
        <Attr Name="UsedIn" Val="simulation"/>
      </FileInfo>
    </File>
    <File Path="$PSRCDIR/sources_1/new/ShiftLeft2Bits.vhd">
      <FileInfo>
        <Attr Name="ImportPath" Val="$PPRDIR/../../Lab 4/lab_4/lab_4.srcs/sources_1/new/ShiftLeft2Bits.vhd"/>
        <Attr Name="ImportTime" Val="1603839213"/>
        <Attr Name="UsedIn" Val="synthesis"/>
        <Attr Name="UsedIn" Val="simulation"/>
      </FileInfo>
    </File>
    <File Path="$PSRCDIR/sources_1/imports/Lab 4/aluContUnit.vhd">
      <FileInfo>
        <Attr Name="ImportPath" Val="$PPRDIR/../../Lab 4/aluContUnit.vhd"/>
        <Attr Name="ImportTime" Val="1600984643"/>
        <Attr Name="UsedIn" Val="synthesis"/>
        <Attr Name="UsedIn" Val="simulation"/>
      </FileInfo>
    </File>
    <File Path="$PSRCDIR/sources_1/imports/Lab 4/contUnit.vhd">
      <FileInfo>
        <Attr Name="ImportPath" Val="$PPRDIR/../../Lab 4/contUnit.vhd"/>
        <Attr Name="ImportTime" Val="1600984534"/>
        <Attr Name="UsedIn" Val="synthesis"/>
        <Attr Name="UsedIn" Val="simulation"/>
      </FileInfo>
    </File>
    <File Path="$PSRCDIR/sources_1/imports/Lab 4/datamem.vhd">
      <FileInfo>
        <Attr Name="ImportPath" Val="$PPRDIR/../../Lab 4/datamem.vhd"/>
        <Attr Name="ImportTime" Val="1603464008"/>
        <Attr Name="UsedIn" Val="synthesis"/>
        <Attr Name="UsedIn" Val="simulation"/>
      </FileInfo>
    </File>
    <File Path="$PSRCDIR/sources_1/imports/Lab 4/instmem.vhd">
      <FileInfo>
        <Attr Name="ImportPath" Val="$PPRDIR/../../Lab 4/instmem.vhd"/>
        <Attr Name="ImportTime" Val="1603464005"/>
        <Attr Name="UsedIn" Val="synthesis"/>
        <Attr Name="UsedIn" Val="simulation"/>
      </FileInfo>
    </File>
    <File Path="$PSRCDIR/sources_1/imports/Lab 4/pcadd.vhd">
      <FileInfo>
        <Attr Name="ImportPath" Val="$PPRDIR/../../Lab 4/pcadd.vhd"/>
        <Attr Name="ImportTime" Val="1600984493"/>
        <Attr Name="UsedIn" Val="synthesis"/>
        <Attr Name="UsedIn" Val="simulation"/>
      </FileInfo>
    </File>
    <File Path="$PSRCDIR/sources_1/imports/Lab 4/programCounter.vhd">
      <FileInfo>
        <Attr Name="ImportPath" Val="$PPRDIR/../../Lab 4/programCounter.vhd"/>
        <Attr Name="ImportTime" Val="1601645065"/>
        <Attr Name="UsedIn" Val="synthesis"/>
        <Attr Name="UsedIn" Val="simulation"/>
      </FileInfo>
    </File>
    <File Path="$PSRCDIR/sources_1/imports/Lab 4/regfile.vhd">
      <FileInfo>
        <Attr Name="ImportPath" Val="$PPRDIR/../../Lab 4/regfile.vhd"/>
        <Attr Name="ImportTime" Val="1603464001"/>
        <Attr Name="UsedIn" Val="synthesis"/>
        <Attr Name="UsedIn" Val="simulation"/>
      </FileInfo>
    </File>
    <File Path="$PSRCDIR/sources_1/new/signExtensionUnit.vhd">
      <FileInfo>
        <Attr Name="ImportPath" Val="$PPRDIR/../../Lab 4/lab_4/lab_4.srcs/sources_1/new/signExtensionUnit.vhd"/>
        <Attr Name="ImportTime" Val="1603839285"/>
        <Attr Name="UsedIn" Val="synthesis"/>
        <Attr Name="UsedIn" Val="simulation"/>
      </FileInfo>
    </File>
    <File Path="$PSRCDIR/sources_1/new/MemoryMappedIO.vhd">
      <FileInfo>
        <Attr Name="ImportPath" Val="$PPRDIR/../lab_6/lab_6.srcs/sources_1/new/MemoryMappedIO.vhd"/>
        <Attr Name="ImportTime" Val="1607052513"/>
        <Attr Name="UsedIn" Val="synthesis"/>
        <Attr Name="UsedIn" Val="simulation"/>
      </FileInfo>
    </File>
    <File Path="$PSRCDIR/sources_1/bd/datapath/datapath.bd">
      <FileInfo>
        <Attr Name="ImportPath" Val="$PPRDIR/../lab_6/lab_6.srcs/sources_1/bd/datapath/datapath.bd"/>
        <Attr Name="ImportTime" Val="1607052569"/>
        <Attr Name="UsedIn" Val="synthesis"/>
        <Attr Name="UsedIn" Val="implementation"/>
        <Attr Name="UsedIn" Val="simulation"/>
      </FileInfo>
    </File>
    <File Path="$PSRCDIR/sources_1/bd/datapath/hdl/datapath_wrapper.vhd">
      <FileInfo>
        <Attr Name="ImportPath" Val="$PPRDIR/../lab_6/lab_6.srcs/sources_1/bd/datapath/hdl/datapath_wrapper.vhd"/>
        <Attr Name="ImportTime" Val="1607052569"/>
        <Attr Name="UsedIn" Val="synthesis"/>
        <Attr Name="UsedIn" Val="simulation"/>
      </FileInfo>
    </File>
    <File Path="$PSRCDIR/sources_1/imports/Lab 4/toplevel.vhd">
      <FileInfo>
        <Attr Name="ImportPath" Val="$PPRDIR/../../Lab 4/toplevel.vhd"/>
        <Attr Name="ImportTime" Val="1603463996"/>
        <Attr Name="UsedIn" Val="synthesis"/>
        <Attr Name="UsedIn" Val="simulation"/>
      </FileInfo>
    </File>
    <Config>
      <Option Name="DesignMode" Val="RTL"/>
      <Option Name="TopModule" Val="TopLevel_comp"/>
    </Config>
  </FileSet>
  <FileSet Name="constrs_in" Type="Constrs" RelSrcDir="$PSRCDIR/constrs_1">
    <Filter Type="Constrs"/>
    <File Path="$PSRCDIR/constrs_1/imports/Lab 4/mips.xdc">
      <FileInfo>
        <Attr Name="ImportPath" Val="$PPRDIR/../../Lab 4/mips.xdc"/>
        <Attr Name="ImportTime" Val="1603463971"/>
        <Attr Name="UsedIn" Val="synthesis"/>
        <Attr Name="UsedIn" Val="implementation"/>
      </FileInfo>
    </File>
    <Config>
      <Option Name="ConstrsType" Val="XDC"/>
    </Config>
  </FileSet>
  <FileSet Name="utils" Type="Utils" RelSrcDir="$PSRCDIR/utils_1">
    <Filter Type="Utils"/>
    <Config>
      <Option Name="TopAutoSet" Val="TRUE"/>
    </Config>
  </FileSet>
  <Strategy Version="1" Minor="2">
    <StratHandle Name="Vivado Implementation Defaults" Flow="Vivado Implementation 2020"/>
    <Step Id="init_design"/>
    <Step Id="opt_design"/>
    <Step Id="power_opt_design"/>
    <Step Id="place_design"/>
    <Step Id="post_place_power_opt_design"/>
    <Step Id="phys_opt_design"/>
    <Step Id="route_design"/>
    <Step Id="post_route_phys_opt_design"/>
    <Step Id="write_bitstream"/>
    <Step Id="write_device_image"/>
  </Strategy>
  <BlockFileSet Type="BlockSrcs" Name="datapath_ALU_0_0"/>
  <BlockFileSet Type="BlockSrcs" Name="datapath_MUX32bit2_0_0"/>
  <BlockFileSet Type="BlockSrcs" Name="datapath_MUX32bit_0_0"/>
  <BlockFileSet Type="BlockSrcs" Name="datapath_signExtensionUnit_0_0"/>
  <BlockFileSet Type="BlockSrcs" Name="datapath_ShiftLeft2Bits_0_0"/>
  <BlockFileSet Type="BlockSrcs" Name="datapath_instmem_0_0"/>
  <BlockFileSet Type="BlockSrcs" Name="datapath_MUX32bit_1_0"/>
  <BlockFileSet Type="BlockSrcs" Name="datapath_regfile_0_0"/>
  <BlockFileSet Type="BlockSrcs" Name="datapath_aluContUnit_0_0"/>
  <BlockFileSet Type="BlockSrcs" Name="datapath_ShiftLeft2Bits28bit_0_0"/>
  <BlockFileSet Type="BlockSrcs" Name="datapath_datamem_0_0"/>
  <BlockFileSet Type="BlockSrcs" Name="datapath_pcadd_0_0"/>
  <BlockFileSet Type="BlockSrcs" Name="datapath_contUnit_0_0"/>
  <BlockFileSet Type="BlockSrcs" Name="datapath_MUXPostALU_0_0"/>
  <BlockFileSet Type="BlockSrcs" Name="datapath_programCounter_0_0"/>
  <BlockFileSet Type="BlockSrcs" Name="datapath_ANDGate_0_0"/>
  <BlockFileSet Type="BlockSrcs" Name="datapath_Adder32Bit_0_0"/>
  <BlockFileSet Type="BlockSrcs" Name="datapath_MUXPreRegister_0_0"/>
  <BlockFileSet Type="BlockSrcs" Name="datapath_MemoryMappedIO_0_1"/>
</GenRun>
