<?xml version="1.0"?>
<Runs Version="1" Minor="0">
	<Run Id="datapath_ALU_0_0_synth_1" LaunchDir="D:/Drive H Files/School-Repository/5th_Semester/ECE 445/Labs/Lab 6/lab6_2020_1Version/lab6_2020_1Version.runs/datapath_ALU_0_0_synth_1" FlowId="Vivado_Synthesis" FromStepId="vivado" ToStepId="vivado"/>
	<Run Id="datapath_MUX32bit2_0_0_synth_1" LaunchDir="D:/Drive H Files/School-Repository/5th_Semester/ECE 445/Labs/Lab 6/lab6_2020_1Version/lab6_2020_1Version.runs/datapath_MUX32bit2_0_0_synth_1" FlowId="Vivado_Synthesis" FromStepId="vivado" ToStepId="vivado"/>
	<Run Id="datapath_MUX32bit_0_0_synth_1" LaunchDir="D:/Drive H Files/School-Repository/5th_Semester/ECE 445/Labs/Lab 6/lab6_2020_1Version/lab6_2020_1Version.runs/datapath_MUX32bit_0_0_synth_1" FlowId="Vivado_Synthesis" FromStepId="vivado" ToStepId="vivado"/>
	<Run Id="datapath_instmem_0_0_synth_1" LaunchDir="D:/Drive H Files/School-Repository/5th_Semester/ECE 445/Labs/Lab 6/lab6_2020_1Version/lab6_2020_1Version.runs/datapath_instmem_0_0_synth_1" FlowId="Vivado_Synthesis" FromStepId="vivado" ToStepId="vivado"/>
	<Run Id="datapath_signExtensionUnit_0_0_synth_1" LaunchDir="D:/Drive H Files/School-Repository/5th_Semester/ECE 445/Labs/Lab 6/lab6_2020_1Version/lab6_2020_1Version.runs/datapath_signExtensionUnit_0_0_synth_1" FlowId="Vivado_Synthesis" FromStepId="vivado" ToStepId="vivado"/>
	<Run Id="datapath_ShiftLeft2Bits28bit_0_0_synth_1" LaunchDir="D:/Drive H Files/School-Repository/5th_Semester/ECE 445/Labs/Lab 6/lab6_2020_1Version/lab6_2020_1Version.runs/datapath_ShiftLeft2Bits28bit_0_0_synth_1" FlowId="Vivado_Synthesis" FromStepId="vivado" ToStepId="vivado"/>
	<Run Id="datapath_regfile_0_0_synth_1" LaunchDir="D:/Drive H Files/School-Repository/5th_Semester/ECE 445/Labs/Lab 6/lab6_2020_1Version/lab6_2020_1Version.runs/datapath_regfile_0_0_synth_1" FlowId="Vivado_Synthesis" FromStepId="vivado" ToStepId="vivado"/>
	<Run Id="datapath_aluContUnit_0_0_synth_1" LaunchDir="D:/Drive H Files/School-Repository/5th_Semester/ECE 445/Labs/Lab 6/lab6_2020_1Version/lab6_2020_1Version.runs/datapath_aluContUnit_0_0_synth_1" FlowId="Vivado_Synthesis" FromStepId="vivado" ToStepId="vivado"/>
	<Run Id="datapath_MUX32bit_1_0_synth_1" LaunchDir="D:/Drive H Files/School-Repository/5th_Semester/ECE 445/Labs/Lab 6/lab6_2020_1Version/lab6_2020_1Version.runs/datapath_MUX32bit_1_0_synth_1" FlowId="Vivado_Synthesis" FromStepId="vivado" ToStepId="vivado"/>
	<Run Id="datapath_datamem_0_0_synth_1" LaunchDir="D:/Drive H Files/School-Repository/5th_Semester/ECE 445/Labs/Lab 6/lab6_2020_1Version/lab6_2020_1Version.runs/datapath_datamem_0_0_synth_1" FlowId="Vivado_Synthesis" FromStepId="vivado" ToStepId="vivado"/>
	<Run Id="datapath_pcadd_0_0_synth_1" LaunchDir="D:/Drive H Files/School-Repository/5th_Semester/ECE 445/Labs/Lab 6/lab6_2020_1Version/lab6_2020_1Version.runs/datapath_pcadd_0_0_synth_1" FlowId="Vivado_Synthesis" FromStepId="vivado" ToStepId="vivado"/>
	<Run Id="datapath_contUnit_0_0_synth_1" LaunchDir="D:/Drive H Files/School-Repository/5th_Semester/ECE 445/Labs/Lab 6/lab6_2020_1Version/lab6_2020_1Version.runs/datapath_contUnit_0_0_synth_1" FlowId="Vivado_Synthesis" FromStepId="vivado" ToStepId="vivado"/>
	<Run Id="datapath_MUXPostALU_0_0_synth_1" LaunchDir="D:/Drive H Files/School-Repository/5th_Semester/ECE 445/Labs/Lab 6/lab6_2020_1Version/lab6_2020_1Version.runs/datapath_MUXPostALU_0_0_synth_1" FlowId="Vivado_Synthesis" FromStepId="vivado" ToStepId="vivado"/>
	<Run Id="datapath_ShiftLeft2Bits_0_0_synth_1" LaunchDir="D:/Drive H Files/School-Repository/5th_Semester/ECE 445/Labs/Lab 6/lab6_2020_1Version/lab6_2020_1Version.runs/datapath_ShiftLeft2Bits_0_0_synth_1" FlowId="Vivado_Synthesis" FromStepId="vivado" ToStepId="vivado"/>
	<Run Id="datapath_programCounter_0_0_synth_1" LaunchDir="D:/Drive H Files/School-Repository/5th_Semester/ECE 445/Labs/Lab 6/lab6_2020_1Version/lab6_2020_1Version.runs/datapath_programCounter_0_0_synth_1" FlowId="Vivado_Synthesis" FromStepId="vivado" ToStepId="vivado"/>
	<Run Id="datapath_ANDGate_0_0_synth_1" LaunchDir="D:/Drive H Files/School-Repository/5th_Semester/ECE 445/Labs/Lab 6/lab6_2020_1Version/lab6_2020_1Version.runs/datapath_ANDGate_0_0_synth_1" FlowId="Vivado_Synthesis" FromStepId="vivado" ToStepId="vivado"/>
	<Run Id="datapath_Adder32Bit_0_0_synth_1" LaunchDir="D:/Drive H Files/School-Repository/5th_Semester/ECE 445/Labs/Lab 6/lab6_2020_1Version/lab6_2020_1Version.runs/datapath_Adder32Bit_0_0_synth_1" FlowId="Vivado_Synthesis" FromStepId="vivado" ToStepId="vivado"/>
	<Run Id="datapath_MUXPreRegister_0_0_synth_1" LaunchDir="D:/Drive H Files/School-Repository/5th_Semester/ECE 445/Labs/Lab 6/lab6_2020_1Version/lab6_2020_1Version.runs/datapath_MUXPreRegister_0_0_synth_1" FlowId="Vivado_Synthesis" FromStepId="vivado" ToStepId="vivado"/>
	<Run Id="datapath_MemoryMappedIO_0_1_synth_1" LaunchDir="D:/Drive H Files/School-Repository/5th_Semester/ECE 445/Labs/Lab 6/lab6_2020_1Version/lab6_2020_1Version.runs/datapath_MemoryMappedIO_0_1_synth_1" FlowId="Vivado_Synthesis" FromStepId="vivado" ToStepId="vivado"/>
	<Run Id="synth_1" LaunchDir="D:/Drive H Files/School-Repository/5th_Semester/ECE 445/Labs/Lab 6/lab6_2020_1Version/lab6_2020_1Version.runs/synth_1" FlowId="Vivado_Synthesis" FromStepId="vivado" ToStepId="vivado">
		<Parent Id="datapath_ALU_0_0_synth_1"/>
		<Parent Id="datapath_MUX32bit2_0_0_synth_1"/>
		<Parent Id="datapath_MUX32bit_0_0_synth_1"/>
		<Parent Id="datapath_instmem_0_0_synth_1"/>
		<Parent Id="datapath_signExtensionUnit_0_0_synth_1"/>
		<Parent Id="datapath_ShiftLeft2Bits28bit_0_0_synth_1"/>
		<Parent Id="datapath_regfile_0_0_synth_1"/>
		<Parent Id="datapath_aluContUnit_0_0_synth_1"/>
		<Parent Id="datapath_MUX32bit_1_0_synth_1"/>
		<Parent Id="datapath_datamem_0_0_synth_1"/>
		<Parent Id="datapath_pcadd_0_0_synth_1"/>
		<Parent Id="datapath_contUnit_0_0_synth_1"/>
		<Parent Id="datapath_MUXPostALU_0_0_synth_1"/>
		<Parent Id="datapath_ShiftLeft2Bits_0_0_synth_1"/>
		<Parent Id="datapath_programCounter_0_0_synth_1"/>
		<Parent Id="datapath_ANDGate_0_0_synth_1"/>
		<Parent Id="datapath_Adder32Bit_0_0_synth_1"/>
		<Parent Id="datapath_MUXPreRegister_0_0_synth_1"/>
		<Parent Id="datapath_MemoryMappedIO_0_1_synth_1"/>
	</Run>
	<Run Id="impl_1" LaunchDir="D:/Drive H Files/School-Repository/5th_Semester/ECE 445/Labs/Lab 6/lab6_2020_1Version/lab6_2020_1Version.runs/impl_1" FlowId="Vivado_Implementation" FromStepId="init_design" ToStepId="write_bitstream">
		<Parent Id="synth_1"/>
		<Parent Id="datapath_ALU_0_0_synth_1"/>
		<Parent Id="datapath_MUX32bit2_0_0_synth_1"/>
		<Parent Id="datapath_MUX32bit_0_0_synth_1"/>
		<Parent Id="datapath_instmem_0_0_synth_1"/>
		<Parent Id="datapath_signExtensionUnit_0_0_synth_1"/>
		<Parent Id="datapath_ShiftLeft2Bits28bit_0_0_synth_1"/>
		<Parent Id="datapath_regfile_0_0_synth_1"/>
		<Parent Id="datapath_aluContUnit_0_0_synth_1"/>
		<Parent Id="datapath_MUX32bit_1_0_synth_1"/>
		<Parent Id="datapath_datamem_0_0_synth_1"/>
		<Parent Id="datapath_pcadd_0_0_synth_1"/>
		<Parent Id="datapath_contUnit_0_0_synth_1"/>
		<Parent Id="datapath_MUXPostALU_0_0_synth_1"/>
		<Parent Id="datapath_ShiftLeft2Bits_0_0_synth_1"/>
		<Parent Id="datapath_programCounter_0_0_synth_1"/>
		<Parent Id="datapath_ANDGate_0_0_synth_1"/>
		<Parent Id="datapath_Adder32Bit_0_0_synth_1"/>
		<Parent Id="datapath_MUXPreRegister_0_0_synth_1"/>
		<Parent Id="datapath_MemoryMappedIO_0_1_synth_1"/>
	</Run>
	<Parameters>
		<Parameter Name="runs.monitorLSFJobs" Val="true" Type="bool"/>
		<Parameter Name="runs.enableClusterConf" Val="true" Type="bool"/>
	</Parameters>
</Runs>

