<?xml version="1.0" encoding="UTF-8"?>
<GenRun Id="synth_1" LaunchPart="xc7a35ticpg236-1L" LaunchTime="1607058282">
  <File Type="PA-TCL" Name="TopLevel_comp.tcl"/>
  <File Type="REPORTS-TCL" Name="TopLevel_comp_reports.tcl"/>
  <File Type="RDS-RDS" Name="TopLevel_comp.vds"/>
  <File Type="RDS-UTIL" Name="TopLevel_comp_utilization_synth.rpt"/>
  <File Type="RDS-UTIL-PB" Name="TopLevel_comp_utilization_synth.pb"/>
  <File Type="RDS-DCP" Name="TopLevel_comp.dcp"/>
  <FileSet Name="sources" Type="DesignSrcs" RelSrcDir="$PSRCDIR/sources_1">
    <Filter Type="Srcs"/>
    <File Path="$PSRCDIR/sources_1/imports/Lab 4/alu.vhd">
      <FileInfo>
        <Attr Name="ImportPath" Val="$PPRDIR/../../Lab 4/alu.vhd"/>
        <Attr Name="ImportTime" Val="1603464013"/>
        <Attr Name="UsedIn" Val="synthesis"/>
        <Attr Name="UsedIn" Val="simulation"/>
      </FileInfo>
    </File>
    <File Path="$PSRCDIR/sources_1/new/ANDGate.vhd">
      <FileInfo>
        <Attr Name="ImportPath" Val="$PPRDIR/../../Lab 4/lab_4/lab_4.srcs/sources_1/new/ANDGate.vhd"/>
        <Attr Name="ImportTime" Val="1603839156"/>
        <Attr Name="UsedIn" Val="synthesis"/>
        <Attr Name="UsedIn" Val="simulation"/>
      </FileInfo>
    </File>
    <File Path="$PSRCDIR/sources_1/new/Adder32Bit.vhd">
      <FileInfo>
        <Attr Name="ImportPath" Val="$PPRDIR/../../Lab 4/lab_4/lab_4.srcs/sources_1/new/Adder32Bit.vhd"/>
        <Attr Name="ImportTime" Val="1603839166"/>
        <Attr Name="UsedIn" Val="synthesis"/>
        <Attr Name="UsedIn" Val="simulation"/>
      </FileInfo>
    </File>
    <File Path="$PSRCDIR/sources_1/new/MUX32bit2.vhd">
      <FileInfo>
        <Attr Name="ImportPath" Val="$PPRDIR/../../Lab 5/lab_5/lab_5.srcs/sources_1/new/MUX32bit2.vhd"/>
        <Attr Name="ImportTime" Val="1605318535"/>
        <Attr Name="UsedIn" Val="synthesis"/>
        <Attr Name="UsedIn" Val="simulation"/>
      </FileInfo>
    </File>
    <File Path="$PSRCDIR/sources_1/new/MUX32bit.vhd">
      <FileInfo>
        <Attr Name="ImportPath" Val="$PPRDIR/../../Lab 5/lab_5/lab_5.srcs/sources_1/new/MUX32bit.vhd"/>
        <Attr Name="ImportTime" Val="1605323604"/>
        <Attr Name="UsedIn" Val="synthesis"/>
        <Attr Name="UsedIn" Val="simulation"/>
      </FileInfo>
    </File>
    <File Path="$PSRCDIR/sources_1/new/MUXPostALU.vhd">
      <FileInfo>
        <Attr Name="ImportPath" Val="$PPRDIR/../../Lab 5/lab_5/lab_5.srcs/sources_1/new/MUXPostALU.vhd"/>
        <Attr Name="ImportTime" Val="1605322489"/>
        <Attr Name="UsedIn" Val="synthesis"/>
        <Attr Name="UsedIn" Val="simulation"/>
      </FileInfo>
    </File>
    <File Path="$PSRCDIR/sources_1/new/MUXPreRegister.vhd">
      <FileInfo>
        <Attr Name="ImportPath" Val="$PPRDIR/../../Lab 5/lab_5/lab_5.srcs/sources_1/new/MUXPreRegister.vhd"/>
        <Attr Name="ImportTime" Val="1605322207"/>
        <Attr Name="UsedIn" Val="synthesis"/>
        <Attr Name="UsedIn" Val="simulation"/>
      </FileInfo>
    </File>
    <File Path="$PSRCDIR/sources_1/new/ShiftLeft2Bits28bit.vhd">
      <FileInfo>
        <Attr Name="ImportPath" Val="$PPRDIR/../../Lab 5/lab_5/lab_5.srcs/sources_1/new/ShiftLeft2Bits28bit.vhd"/>
        <Attr Name="ImportTime" Val="1605322855"/>
        <Attr Name="UsedIn" Val="synthesis"/>
        <Attr Name="UsedIn" Val="simulation"/>
      </FileInfo>
    </File>
    <File Path="$PSRCDIR/sources_1/new/ShiftLeft2Bits.vhd">
      <FileInfo>
        <Attr Name="ImportPath" Val="$PPRDIR/../../Lab 4/lab_4/lab_4.srcs/sources_1/new/ShiftLeft2Bits.vhd"/>
        <Attr Name="ImportTime" Val="1603839213"/>
        <Attr Name="UsedIn" Val="synthesis"/>
        <Attr Name="UsedIn" Val="simulation"/>
      </FileInfo>
    </File>
    <File Path="$PSRCDIR/sources_1/imports/Lab 4/aluContUnit.vhd">
      <FileInfo>
        <Attr Name="ImportPath" Val="$PPRDIR/../../Lab 4/aluContUnit.vhd"/>
        <Attr Name="ImportTime" Val="1600984643"/>
        <Attr Name="UsedIn" Val="synthesis"/>
        <Attr Name="UsedIn" Val="simulation"/>
      </FileInfo>
    </File>
    <File Path="$PSRCDIR/sources_1/imports/Lab 4/contUnit.vhd">
      <FileInfo>
        <Attr Name="ImportPath" Val="$PPRDIR/../../Lab 4/contUnit.vhd"/>
        <Attr Name="ImportTime" Val="1600984534"/>
        <Attr Name="UsedIn" Val="synthesis"/>
        <Attr Name="UsedIn" Val="simulation"/>
      </FileInfo>
    </File>
    <File Path="$PSRCDIR/sources_1/imports/Lab 4/datamem.vhd">
      <FileInfo>
        <Attr Name="ImportPath" Val="$PPRDIR/../../Lab 4/datamem.vhd"/>
        <Attr Name="ImportTime" Val="1603464008"/>
        <Attr Name="UsedIn" Val="synthesis"/>
        <Attr Name="UsedIn" Val="simulation"/>
      </FileInfo>
    </File>
    <File Path="$PSRCDIR/sources_1/imports/Lab 4/instmem.vhd">
      <FileInfo>
        <Attr Name="ImportPath" Val="$PPRDIR/../../Lab 4/instmem.vhd"/>
        <Attr Name="ImportTime" Val="1603464005"/>
        <Attr Name="UsedIn" Val="synthesis"/>
        <Attr Name="UsedIn" Val="simulation"/>
      </FileInfo>
    </File>
    <File Path="$PSRCDIR/sources_1/imports/Lab 4/pcadd.vhd">
      <FileInfo>
        <Attr Name="ImportPath" Val="$PPRDIR/../../Lab 4/pcadd.vhd"/>
        <Attr Name="ImportTime" Val="1600984493"/>
        <Attr Name="UsedIn" Val="synthesis"/>
        <Attr Name="UsedIn" Val="simulation"/>
      </FileInfo>
    </File>
    <File Path="$PSRCDIR/sources_1/imports/Lab 4/programCounter.vhd">
      <FileInfo>
        <Attr Name="ImportPath" Val="$PPRDIR/../../Lab 4/programCounter.vhd"/>
        <Attr Name="ImportTime" Val="1601645065"/>
        <Attr Name="UsedIn" Val="synthesis"/>
        <Attr Name="UsedIn" Val="simulation"/>
      </FileInfo>
    </File>
    <File Path="$PSRCDIR/sources_1/imports/Lab 4/regfile.vhd">
      <FileInfo>
        <Attr Name="ImportPath" Val="$PPRDIR/../../Lab 4/regfile.vhd"/>
        <Attr Name="ImportTime" Val="1603464001"/>
        <Attr Name="UsedIn" Val="synthesis"/>
        <Attr Name="UsedIn" Val="simulation"/>
      </FileInfo>
    </File>
    <File Path="$PSRCDIR/sources_1/new/signExtensionUnit.vhd">
      <FileInfo>
        <Attr Name="ImportPath" Val="$PPRDIR/../../Lab 4/lab_4/lab_4.srcs/sources_1/new/signExtensionUnit.vhd"/>
        <Attr Name="ImportTime" Val="1603839285"/>
        <Attr Name="UsedIn" Val="synthesis"/>
        <Attr Name="UsedIn" Val="simulation"/>
      </FileInfo>
    </File>
    <File Path="$PSRCDIR/sources_1/new/MemoryMappedIO.vhd">
      <FileInfo>
        <Attr Name="ImportPath" Val="$PPRDIR/../lab_6/lab_6.srcs/sources_1/new/MemoryMappedIO.vhd"/>
        <Attr Name="ImportTime" Val="1607052513"/>
        <Attr Name="UsedIn" Val="synthesis"/>
        <Attr Name="UsedIn" Val="simulation"/>
      </FileInfo>
    </File>
    <File Path="$PSRCDIR/sources_1/bd/datapath/datapath.bd">
      <FileInfo>
        <Attr Name="ImportPath" Val="$PPRDIR/../lab_6/lab_6.srcs/sources_1/bd/datapath/datapath.bd"/>
        <Attr Name="ImportTime" Val="1607052569"/>
        <Attr Name="UsedIn" Val="synthesis"/>
        <Attr Name="UsedIn" Val="implementation"/>
        <Attr Name="UsedIn" Val="simulation"/>
      </FileInfo>
    </File>
    <File Path="$PSRCDIR/sources_1/bd/datapath/hdl/datapath_wrapper.vhd">
      <FileInfo>
        <Attr Name="ImportPath" Val="$PPRDIR/../lab_6/lab_6.srcs/sources_1/bd/datapath/hdl/datapath_wrapper.vhd"/>
        <Attr Name="ImportTime" Val="1607052569"/>
        <Attr Name="UsedIn" Val="synthesis"/>
        <Attr Name="UsedIn" Val="simulation"/>
      </FileInfo>
    </File>
    <File Path="$PSRCDIR/sources_1/imports/Lab 4/toplevel.vhd">
      <FileInfo>
        <Attr Name="ImportPath" Val="$PPRDIR/../../Lab 4/toplevel.vhd"/>
        <Attr Name="ImportTime" Val="1603463996"/>
        <Attr Name="UsedIn" Val="synthesis"/>
        <Attr Name="UsedIn" Val="simulation"/>
      </FileInfo>
    </File>
    <Config>
      <Option Name="DesignMode" Val="RTL"/>
      <Option Name="TopModule" Val="TopLevel_comp"/>
    </Config>
  </FileSet>
  <FileSet Name="constrs_in" Type="Constrs" RelSrcDir="$PSRCDIR/constrs_1">
    <Filter Type="Constrs"/>
    <File Path="$PSRCDIR/constrs_1/imports/Lab 4/mips.xdc">
      <FileInfo>
        <Attr Name="ImportPath" Val="$PPRDIR/../../Lab 4/mips.xdc"/>
        <Attr Name="ImportTime" Val="1603463971"/>
        <Attr Name="UsedIn" Val="synthesis"/>
        <Attr Name="UsedIn" Val="implementation"/>
      </FileInfo>
    </File>
    <Config>
      <Option Name="ConstrsType" Val="XDC"/>
    </Config>
  </FileSet>
  <FileSet Name="utils" Type="Utils" RelSrcDir="$PSRCDIR/utils_1">
    <Filter Type="Utils"/>
    <Config>
      <Option Name="TopAutoSet" Val="TRUE"/>
    </Config>
  </FileSet>
  <Strategy Version="1" Minor="2">
    <StratHandle Name="Vivado Synthesis Defaults" Flow="Vivado Synthesis 2020"/>
    <Step Id="synth_design"/>
  </Strategy>
  <BlockFileSet Type="BlockSrcs" Name="datapath_ALU_0_0"/>
  <BlockFileSet Type="BlockSrcs" Name="datapath_MUX32bit2_0_0"/>
  <BlockFileSet Type="BlockSrcs" Name="datapath_MUX32bit_0_0"/>
  <BlockFileSet Type="BlockSrcs" Name="datapath_signExtensionUnit_0_0"/>
  <BlockFileSet Type="BlockSrcs" Name="datapath_ShiftLeft2Bits_0_0"/>
  <BlockFileSet Type="BlockSrcs" Name="datapath_instmem_0_0"/>
  <BlockFileSet Type="BlockSrcs" Name="datapath_MUX32bit_1_0"/>
  <BlockFileSet Type="BlockSrcs" Name="datapath_regfile_0_0"/>
  <BlockFileSet Type="BlockSrcs" Name="datapath_aluContUnit_0_0"/>
  <BlockFileSet Type="BlockSrcs" Name="datapath_ShiftLeft2Bits28bit_0_0"/>
  <BlockFileSet Type="BlockSrcs" Name="datapath_datamem_0_0"/>
  <BlockFileSet Type="BlockSrcs" Name="datapath_pcadd_0_0"/>
  <BlockFileSet Type="BlockSrcs" Name="datapath_contUnit_0_0"/>
  <BlockFileSet Type="BlockSrcs" Name="datapath_MUXPostALU_0_0"/>
  <BlockFileSet Type="BlockSrcs" Name="datapath_programCounter_0_0"/>
  <BlockFileSet Type="BlockSrcs" Name="datapath_ANDGate_0_0"/>
  <BlockFileSet Type="BlockSrcs" Name="datapath_Adder32Bit_0_0"/>
  <BlockFileSet Type="BlockSrcs" Name="datapath_MUXPreRegister_0_0"/>
  <BlockFileSet Type="BlockSrcs" Name="datapath_MemoryMappedIO_0_1"/>
</GenRun>
